{"task1": [1.1611015532036637, 1.2169686348578783, 3.8171960993534175, 2.1577367083828145, 17.53449972356085, 13.749230523405476, 0.11441551070947108, 0.9750002110024923, 2.0481280123278074, 0.4178554470186725, 7.299732493572025, 5.405127802564358, 2.0541374149458744, 6.71079347281296, 3.03653640842388, 9.498185286556286, 3.7630890450319083, 1.8641906049463526, 10.670770020027398, 5.291772589866002, 0.912245460839306, 0.20732586478679277, 12.816310409006174, 1.6373225835853016, 6.291571550369559, 20.239709319388293, 16.466083091274903, 13.474719001142073, 5.2761044442380856, 0.7250110520819842, 4.519523979103389, 4.225904366704887, 4.775521858228876, 13.912436341952132, 7.24644943484495, 9.313787360469487, 1.0596535411727601, 5.682048493486052, 4.5807379490262905, 3.3300869947532497, 5.307227776030219, 5.6272294256742645, 4.913975701062781, 4.802205375719392, 6.501355432613329, 11.47165060247919, 1.1319709719592113, 4.803995448402746, 3.272807297357087, 15.777869833110813, 4.517699029348238, 0.17814530949575066, 3.5284844379917275, 5.934930515784213, 6.125013426408485, 8.159217498552128, 5.019810939931819, 0.408248290463863, 7.4957996896270505, 4.283283920775676, 0.2637521893583148, 2.049056675010037, 6.8132996874920275, 8.405557343559956, 2.999321190171195, 5.6285099470110636, 3.655702647879198, 2.0465731207219395, 5.879747322073336, 9.329263895676059, 3.139348229106255, 0.5607987647363063, 0.6950480468569159, 10.191007784407427, 4.568082535241728, 9.192388155425117, 1.0021428596001425, 12.690431782391386, 7.765802747153207, 3.212717121212626, 4.218792040149278, 3.5777087639996634, 0.769800358919501, 0.8945002144062506, 5.085382100797452, 6.804547614641353, 6.163512150222625, 2.914609664251715, 7.816784172767301, 0.46205845409189783, 12.28312270520947, 2.0787069844672015, 19.79524821394902, 8.642489395470479, 9.065168465359845, 6.214172255980044, 6.830992648790024, 8.546023022424297, 7.3876871941035835, 0.16442642142942065], "task2": [29.629844392546175, 21.271746037577156, 39.167570695513476, 42.51326464355224, 25.824123847066797, 34.73198427198685, 21.558852317209542, 33.37216354216304, 11.67259342019464, 16.00268923632796, 43.12657326792424, 34.2199785340491, 20.888216691870166, 12.78829382523857, 27.740498610723495, 60.28458344760415, 47.813115009167674, 39.20795949308538, 44.99855363308826, 50.86446402302331, 38.83116116404722, 59.392957484403, 25.413911491336084, 71.75945843853157, 22.967606359609242, 38.8473178400593, 49.725404437222515, 13.255726525328054, 46.97814442596343, 59.346138637610295, 30.025694421014332, 28.487306553644505, 11.630961036030865, 44.00182121996451, 50.82957069220026, 26.300703285972848, 28.636776340207486, 26.64458362899459, 17.962237685763508, 79.26970361214435, 37.71746977588837, 42.45943959519046, 31.75044069245111, 54.19201835801993, 37.18292776267721, 31.233139161747935, 10.094938929963202, 11.407907383792741, 67.0280759933574, 13.732450981215976, 46.14089935983623, 27.233694468304318, 13.35361149592103, 31.340032120711374, 23.560117002291232, 10.784098036359472, 52.59795393508532, 26.188089983639525, 24.203237376117926, 32.17096440245891, 60.34292722512907, 14.15082118950597, 21.34959611292726, 59.81487266684482, 53.61417093306554, 19.769416442436164, 57.50189702547936, 47.79943428631007, 56.56370997403237, 28.088648956083066, 41.14633980228738, 60.33677082915871, 50.7806449456663, 20.681602914200113, 58.59364732196158, 30.717947765057914, 18.290471784673596, 40.40300486527525, 38.88383273712685, 33.543949317442326, 36.07503985563129, 45.403029848286224, 14.018547893393597, 13.003710284704974, 34.480909699518236, 53.84230367340938, 38.769572339816506, 63.149593292561114, 63.49028812855115, 46.3663100485238, 30.669196636966724, 37.700906410789365, 74.26595232040428, 44.22673034873904, 47.638730579388145, 93.14152630609834, 42.018413866891535, 50.06499042492483, 28.87958412285847, 60.53936925942109], "task3": [1.4275629429908922e-13, 9.862199882271803, 8.770823921144308e-14, 1.181945947544011e-13, 18.606023825206282, 33.24915572374668, 1.0127590006900447e-11, 18.402895002689185, 1.2094379112930264e-14, 1.9125472584304999, 1.4553177690802368e-13, 2.1979378220814435e-13, 20.840703895585985, 7.161012785601342, 8.8734917591126e-14, 2.607099406899136e-13, 3.3806285156730395e-13, 36.06229398043925, 31.950108055155233, 49.47766743961915, 1.3866385483595036e-13, 3.399321724431256e-13, 20.984993129103437, 71.3586602397371, 21.938252459321024, 22.60538886311638, 2.1008879009523267e-13, 6.865445803850177e-14, 10.166708080096766, 27.582795542235235, 1.024136535318877e-13, 15.368410432078328, 1.4267401094293736e-14, 37.039222055582734, 16.7952643520284, 1.0768398683437498e-13, 23.48480152381295, 7.849819894667439e-14, 3.462342806024244e-14, 58.56896836761389, 2.7506149567444705e-13, 26.899938193158846, 8.068740294546818e-14, 29.26848763988237, 2.046230529374374e-13, 9.790342212798341e-14, 1.1365597327703302e-13, 11.153330266284867, 37.90067959800954, 6.194603245762461e-14, 1.03438322029346e-12, 1.0987063386776047e-13, 1.7173925219441523e-13, 6.646045621506144e-14, 6.593315579301864e-14, 7.653024334423593e-15, 3.051810104867285e-13, 24.681259935404906, 7.067352215512885e-14, 1.5515470793265752e-13, 24.783910392622097, 5.1395981172885536e-14, 1.2083334138532809e-14, 2.1984363173769237e-13, 30.922796070107236, 7.073631751732335e-14, 33.18140357416191, 40.57698323504672, 47.06869032581552, 23.105060836853262, 12.571353918070063, 55.42047170103874, 46.69306616507825, 1.8712159779008575e-13, 27.453599485296905, 1.2562228942727073e-13, 2.495531606865515e-13, 1.305253269866937e-13, 37.4152130493829, 25.446553396419198, 2.0437079853050713e-13, 2.2553563855733513e-13, 12.824232991262063, 6.893961052677187e-14, 1.1841297444125133e-13, 51.925188034601746, 2.8618414128778757e-13, 2.004181337730676e-13, 46.76862945669892, 43.452573174451175, 6.12256761432182e-14, 33.75394562385229, 68.70629065757944, 1.783250515054235e-13, 37.87654183593753, 91.5601945551715, 30.96534964529871, 3.384707597215404e-13, 1.2518816959529934e-13, 41.15009714892568]}